title,description,source,url,published_at,political_label,confidence,text_classified
"Prince Harry returns to the UK, but it’s unclear if he’ll see King Charles","Prince Harry is returning to the United Kingdom for a short visit this week, prompting speculation over whether he might meet his father, King Charles III.",CNN,https://www.cnn.com/2025/09/08/uk/prince-harry-return-uk-wellchild-intl,2025-09-08T09:36:38Z,LEFT,0.3868495523929596,"Prince Harry returns to the UK, but it’s unclear if he’ll see King Charles Prince Harry is returning to the United Kingdom for a short visit this week, prompting speculation over whether he might meet"
L.A. Controller Accuses City of Wasting Millions on Outside Audits,"Los Angeles City Controller Kenneth Meija said Wednesday that the city had wasted millions of dollars on outside audits of its homelessness program rather than using his office for free -- then ignored the results.
The post L.A. Controller Accuses City of Was…",Breitbart News,https://www.breitbart.com/local/2025/09/25/l-a-controller-accuses-city-of-wasting-millions-on-outside-audits/,2025-09-25T19:25:48Z,RIGHT,0.5304558277130127,L.A. Controller Accuses City of Wasting Millions on Outside Audits Los Angeles City Controller Kenneth Meija said Wednesday that the city had wasted millions of dollars on outside audits of its homele
California Ranks Best -- and Worst -- in Poll of Desirable States,"California ranks near the top of the list of most desirable states -- and at the bottom of the list of least desirable states, reflecting Americans' divided view of the Golden State.
The post California Ranks Best — and Worst — in Poll of Desirable States app…",Breitbart News,https://www.breitbart.com/politics/2025/09/19/california-ranks-best-and-worst-in-poll-of-desirable-states/,2025-09-19T20:07:15Z,LEFT,0.5752835869789124,"California Ranks Best -- and Worst -- in Poll of Desirable States California ranks near the top of the list of most desirable states -- and at the bottom of the list of least desirable states, reflect"
Trump-Appointed Judge Blasts 'Chaos' As She Blocks HUD Policy,The Department of Housing and Urban Development published new application criteria for homeless housing grants on September 5.,Newsweek,https://www.newsweek.com/trump-appointed-judge-blasts-chaos-blocks-hud-policy-2129309,2025-09-13T11:44:59Z,CENTER,0.49383875727653503,Trump-Appointed Judge Blasts 'Chaos' As She Blocks HUD Policy The Department of Housing and Urban Development published new application criteria for homeless housing grants on September 5.
Wealthy Liberal Enclave of Santa Monica to Declare 'Fiscal Emergency' over Sexual Abuse Payouts,"The city council of Santa Monica, California, will be asked to declare a ""fiscal emergency"" this week over hundreds of millions of dollars that it has paid in ongoing sexual abuse litigation.
The post Wealthy Liberal Enclave of Santa Monica to Declare ‘Fiscal…",Breitbart News,https://www.breitbart.com/politics/2025/09/08/wealthy-santa-monica-to-declare-fiscal-emergency-over-sexual-abuse-payouts/,2025-09-08T08:36:16Z,CENTER,0.4745634198188782,"Wealthy Liberal Enclave of Santa Monica to Declare 'Fiscal Emergency' over Sexual Abuse Payouts The city council of Santa Monica, California, will be asked to declare a ""fiscal emergency"" this week ov"
Americans are drowning in auto loan delinquencies. Report says Congress needs to fix it.,"A new report by the Consumer Federation of America to Congress calls on lawmakers and regulators to protect car buyers, saying a crisis is at hand.",USA Today,https://www.usatoday.com/story/money/2025/09/10/auto-loan-delinquencies-debt-report/85998815007/,2025-09-10T09:06:07Z,CENTER,0.8768358826637268,Americans are drowning in auto loan delinquencies. Report says Congress needs to fix it. A new report by the Consumer Federation of America to Congress calls on lawmakers and regulators to protect car
Fox News Host Apologizes After Proposing 'Lethal Injection' for Homeless,Brian Kilmeade had suggested using lethal injections on homeless people with mental illnesses.,Newsweek,https://www.newsweek.com/brian-kilmeade-homeless-people-lethal-injection-2129594,2025-09-14T15:56:37Z,RIGHT,0.5174998044967651,Fox News Host Apologizes After Proposing 'Lethal Injection' for Homeless Brian Kilmeade had suggested using lethal injections on homeless people with mental illnesses.
"DC crime falls, but tourism takes a hit too as Trump’s federal surge reaches one-month mark","A month into the law enforcement surge, crime in DC is down, homeless encampments have been cleared, and hundreds of people accused of being in the US...",CNN,https://www.cnn.com/2025/09/09/politics/washington-dc-30-days-crime-police-national-guard,2025-09-09T10:00:05Z,LEFT,0.47135552763938904,"DC crime falls, but tourism takes a hit too as Trump’s federal surge reaches one-month mark A month into the law enforcement surge, crime in DC is down, homeless encampments have been cleared, and hun"
"Conor McGregor Rips Irish Officials, Tells Voters to Get Him on the Presidential Ballot","Conor McGregor has taken another step in his campaign to be elected to Ireland's presidency with a speech ripping the current government.
The post Conor McGregor Rips Irish Officials, Tells Voters to Get Him on the Presidential Ballot appeared first on Breitb…",Breitbart News,https://www.breitbart.com/sports/2025/09/05/conor-mcgregor-rips-irish-officials-tells-voters-get-him-presidential-ballot/,2025-09-05T20:27:11Z,CENTER,0.4307597279548645,"Conor McGregor Rips Irish Officials, Tells Voters to Get Him on the Presidential Ballot Conor McGregor has taken another step in his campaign to be elected to Ireland's presidency with a speech rippin"
"Most US adults think individual choices keep people in poverty, new AP-NORC/Harris poll finds","A new AP-NORC poll finds that most U.S. adults think personal choices are a major driver of poverty and homelessness, while fewer blame a lack of government support",ABC News,https://abcnews.go.com/Politics/wireStory/us-adults-individual-choices-people-poverty-new-ap-125384405,2025-09-09T04:14:20Z,LEFT,0.37859177589416504,"Most US adults think individual choices keep people in poverty, new AP-NORC/Harris poll finds A new AP-NORC poll finds that most U.S. adults think personal choices are a major driver of poverty and ho"
Fox News Host Proposes 'Lethal Injection' for Homeless,Fox News host Brian Kilmeade proposed executing homeless people with mental illness who refuse help during a show discussion.,Newsweek,https://www.newsweek.com/fox-news-host-proposes-lethal-injection-homeless-2129492,2025-09-13T23:34:41Z,RIGHT,0.5240247845649719,Fox News Host Proposes 'Lethal Injection' for Homeless Fox News host Brian Kilmeade proposed executing homeless people with mental illness who refuse help during a show discussion.
Trump on NC Stabbing: 'They're Evil People'; If We Don't Handle That 'We Don't Have a Country',"We have to be able to handle ""evil"" people; otherwise we ""don't have a country,"" President Donald Trump said in reaction to the horrific murder of a Ukrainian refugee in North Carolina.
The post Trump on NC Stabbing: ‘They’re Evil People’; If We Don’t Handle …",Breitbart News,https://www.breitbart.com/politics/2025/09/08/trump-nc-stabbing-theyre-evil-people-if-we-dont-handle-we-dont-have-country/,2025-09-08T18:08:13Z,LEFT,0.5278599262237549,"Trump on NC Stabbing: 'They're Evil People'; If We Don't Handle That 'We Don't Have a Country' We have to be able to handle ""evil"" people; otherwise we ""don't have a country,"" President Donald Trump s"
"Newsom: Trump has ‘relentless, unhinged California obsession’",The Democratic governor sent a letter to the state Legislature for his State of the State address on California's 175th birthday.,Fortune,https://fortune.com/2025/09/09/newsom-says-trump-has-relentless-unhinged-california-obsession/,2025-09-09T19:14:19Z,RIGHT,0.45692452788352966,"Newsom: Trump has ‘relentless, unhinged California obsession’ The Democratic governor sent a letter to the state Legislature for his State of the State address on California's 175th birthday."
Epstein List Could Be Read On House Floor Under Constitutional Immunity,Two Republicans have said they would be willing to use a constitutional immunity rule to read the names of alleged abusers.,Newsweek,https://www.newsweek.com/epstein-list-could-read-congress-house-floor-thomas-massie-marjorie-taylor-greene-2124273,2025-09-04T06:39:48Z,LEFT,0.5325263142585754,Epstein List Could Be Read On House Floor Under Constitutional Immunity Two Republicans have said they would be willing to use a constitutional immunity rule to read the names of alleged abusers.
Say Her Name,"President Donald Trump should discuss the murder of Iryna Zarutska in blunt and honest terms.
The post Say Her Name appeared first on The American Conservative.",The American Conservative,https://www.theamericanconservative.com/say-her-name/,2025-09-09T04:03:00Z,RIGHT,0.6437228918075562,"Say Her Name President Donald Trump should discuss the murder of Iryna Zarutska in blunt and honest terms.
The post Say Her Name appeared first on The American Conservative."
Nolte: Far-left Wall Street Journal Finally Covers NC Train Stabbing… as 'MAGA Talking Point',"The far-left Wall Street Journal finally found the Charlotte, NC, train stabbing worth covering, but only as a “MAGA talking point.”
The post Nolte: Far-left Wall Street Journal Finally Covers NC Train Stabbing… as ‘MAGA Talking Point’ appeared first on Breit…",Breitbart News,https://www.breitbart.com/the-media/2025/09/10/nolte-far-left-wall-street-journal-finally-covers-nc-train-stabbing-as-maga-talking-point/,2025-09-10T14:37:13Z,LEFT,0.9472321271896362,"Nolte: Far-left Wall Street Journal Finally Covers NC Train Stabbing… as 'MAGA Talking Point' The far-left Wall Street Journal finally found the Charlotte, NC, train stabbing worth covering, but only "
Iryna Zarutska Murals Could Appear Across US As CEO Offers $500k Incentive,A fundraising campaign launched alongside the mural project is seeking additional contributions to expand the initiative.,Newsweek,https://www.newsweek.com/iryna-zarustka-murals-2127647,2025-09-10T15:29:31Z,LEFT,0.46410033106803894,Iryna Zarutska Murals Could Appear Across US As CEO Offers $500k Incentive A fundraising campaign launched alongside the mural project is seeking additional contributions to expand the initiative.
Photos of protests during fourth week of Trump DC's crime crackdown,"Washingtonians are responding with protests during the fourth week of National Guard troops and federal agents patrolling D.C.'s streets.

See photos of week one, two and three of the Trump administration crime and homelessness crackdown in D.C. and read what…",ABC News,https://abcnews.go.com/Politics/wireStory/photos-protests-fourth-week-trump-dcs-crime-crackdown-125224061,2025-09-03T16:31:06Z,LEFT,0.7274591326713562,Photos of protests during fourth week of Trump DC's crime crackdown Washingtonians are responding with protests during the fourth week of National Guard troops and federal agents patrolling D.C.'s str
'Ghost Tax' Suggested in Push for Affordable Housing,The ghost tax would act as a fee on rental units left vacant for an extended period.,Newsweek,https://www.newsweek.com/ghost-tax-suggested-push-affordable-housing-denver-2125240,2025-09-05T17:20:10Z,CENTER,0.4287378787994385,'Ghost Tax' Suggested in Push for Affordable Housing The ghost tax would act as a fee on rental units left vacant for an extended period.
These people grew up under dictators. They're worried about what's happening here.,A number of Americans who started life in countries run by an authoritarian leader see lots of warning signs in Trump's behavior.,USA Today,https://www.usatoday.com/story/news/politics/2025/09/28/trump-makes-immigrants-nervous-authoritarian-dictator/86064657007/,2025-09-28T10:01:32Z,RIGHT,0.386229544878006,These people grew up under dictators. They're worried about what's happening here. A number of Americans who started life in countries run by an authoritarian leader see lots of warning signs in Trump
Charlotte Mayor Criticized for Response to Stabbing of Ukrainian Woman,Vi Lyles was the subject of an angry response after her comments about the mental health of the suspect,Newsweek,https://www.newsweek.com/charlotte-vi-lyles-stabbing-iryna-zarutska-2126198,2025-09-08T09:59:37Z,RIGHT,0.6210235357284546,Charlotte Mayor Criticized for Response to Stabbing of Ukrainian Woman Vi Lyles was the subject of an angry response after her comments about the mental health of the suspect
Rhode Island judge halts effort by HUD to change criteria for homeless funding,A Rhode Island judge has temporarily stopped the Trump administration from changing the criteria for using tens of millions of dollars in funding to aid homeless people,ABC News,https://abcnews.go.com/US/wireStory/rhode-island-judge-halts-effort-hud-change-criteria-125528960,2025-09-13T00:29:49Z,CENTER,0.4459832012653351,Rhode Island judge halts effort by HUD to change criteria for homeless funding A Rhode Island judge has temporarily stopped the Trump administration from changing the criteria for using tens of millio
Prince Harry Puts His Money Where His Mouth Is—in Awkward Move for Royals,Prince Harry has announced a substantial donation to a U.K. charity in a rare move for a royal.,Newsweek,https://www.newsweek.com/prince-harry-money-charity-children-need-william-charles-2126851,2025-09-09T14:41:18Z,RIGHT,0.5473415851593018,Prince Harry Puts His Money Where His Mouth Is—in Awkward Move for Royals Prince Harry has announced a substantial donation to a U.K. charity in a rare move for a royal.
Trump Admin Makes Major Update on Section 8 Housing: What to Know,The HUD is asking local public housing authorities to provide the federal government with the citizenship information of tenants receiving rental assistance.,Newsweek,https://www.newsweek.com/trump-admin-update-section-8-housing-what-know-2122524,2025-09-01T14:12:46Z,LEFT,0.5101805329322815,Trump Admin Makes Major Update on Section 8 Housing: What to Know The HUD is asking local public housing authorities to provide the federal government with the citizenship information of tenants recei
"Cat Captured Being Being Overly Clingy With Owner, Real Reason Melts Hearts","""She was telling you she had something to tell you,"" one user said of the young feline called Sofie.",Newsweek,https://www.newsweek.com/cat-captured-overly-clingy-owner-reason-2132416,2025-09-19T11:32:04Z,RIGHT,0.6580199599266052,"Cat Captured Being Being Overly Clingy With Owner, Real Reason Melts Hearts ""She was telling you she had something to tell you,"" one user said of the young feline called Sofie."
Health Coverage Expanding For Americans From November 1,Access to catastrophic health coverage is set to be broadened ahead of a projected soar in health insurance premiums.,Newsweek,https://www.newsweek.com/health-coverage-expanding-americans-november-1-2124981,2025-09-05T17:02:31Z,LEFT,0.43173274397850037,Health Coverage Expanding For Americans From November 1 Access to catastrophic health coverage is set to be broadened ahead of a projected soar in health insurance premiums.
America's 'Alarming' Depression Problem,"""The increase is alarming, and it is important that we keep an open mind and explore all possible causes,"" Dr. Gerard Sanacora told Newsweek.",Newsweek,https://www.newsweek.com/depression-rates-increase-america-2127097,2025-09-16T09:00:01Z,RIGHT,0.8052311539649963,"America's 'Alarming' Depression Problem ""The increase is alarming, and it is important that we keep an open mind and explore all possible causes,"" Dr. Gerard Sanacora told Newsweek."
Once these recruits couldn't make the cut. Now they make up a quarter of Army troops.,"Three years ago, the Army faced a recruitment crisis. Behind its recovery is a program for would-be soldiers who don't make the cut.",USA Today,https://www.usatoday.com/story/news/politics/2025/09/06/how-army-troops-pumped-up-recruiting/85817160007/,2025-09-06T07:01:06Z,LEFT,0.4684898555278778,"Once these recruits couldn't make the cut. Now they make up a quarter of Army troops. Three years ago, the Army faced a recruitment crisis. Behind its recovery is a program for would-be soldiers who d"
MAG: DAWN OF THE POLICE STATE...,"""If we normalize what has happened in D.C. through acquiescence, we will have quietly conceded our democracy.""",Time,https://time.com/7321064/danger-trumps-crackdown-blue-cities/,2025-09-29T16:00:04Z,RIGHT,0.5822754502296448,"MAG: DAWN OF THE POLICE STATE... ""If we normalize what has happened in D.C. through acquiescence, we will have quietly conceded our democracy."""
Dick Durbin calls for Senate hearing on Trump's threats to send troops to cities like Chicago,"The Trump administration has targeted Democrat-run cities, with the president suggesting Wednesday that New Orleans could be on his list.",NBC News,https://www.nbcnews.com/politics/congress/dick-durbin-chuck-grassley-senate-hearing-trump-troops-chicago-rcna228867,2025-09-03T20:03:10Z,RIGHT,0.4301793873310089,"Dick Durbin calls for Senate hearing on Trump's threats to send troops to cities like Chicago The Trump administration has targeted Democrat-run cities, with the president suggesting Wednesday that Ne"
"Josh Kraft, son of billionaire Patriots owner, drops out of Boston mayor’s race against Michelle Wu","Son of billionaire Patriots owner Josh Kraft announced Thursday that he is dropping out Boston’s mayoral election, in which he was set to battle incumbent Michelle Wu in November",ABC News,https://abcnews.go.com/Politics/wireStory/josh-kraft-son-billionaire-patriots-owner-drops-boston-125496930,2025-09-12T03:58:16Z,CENTER,0.36099258065223694,"Josh Kraft, son of billionaire Patriots owner, drops out of Boston mayor’s race against Michelle Wu Son of billionaire Patriots owner Josh Kraft announced Thursday that he is dropping out Boston’s may"
Hurricane Helene displaced thousands of students. Some struggled to get back on track with school,"Thousands of students across western North Carolina lost their homes a year ago when Helene hit with some of the most vicious floods, landslides and wind ever seen in the mountainous region",ABC News,https://abcnews.go.com/US/wireStory/hurricane-helene-displaced-thousands-students-struggled-back-track-125690643,2025-09-18T04:38:17Z,RIGHT,0.45221781730651855,Hurricane Helene displaced thousands of students. Some struggled to get back on track with school Thousands of students across western North Carolina lost their homes a year ago when Helene hit with s
"Race, Crime and Media Bias Collide on a Charlotte Light Rail Train",Many have questioned why the horrific murder of a Ukrainian refugee at the hands of a repeat offender hasn't received wider coverage from mainstream outlets.,Newsweek,https://www.newsweek.com/media-race-charlotte-stabbing-iryna-zarutska-decarlos-brown-2126498,2025-09-08T18:26:32Z,LEFT,0.3793286681175232,"Race, Crime and Media Bias Collide on a Charlotte Light Rail Train Many have questioned why the horrific murder of a Ukrainian refugee at the hands of a repeat offender hasn't received wider coverage "
How Black Communities Stand to Benefit From Trump's Crime Crackdown,"In the aftermath of the fatal stabbing of Iryna Zarutska, President Trump's law-and-order agenda is once again at the center of America's debate about crime and race.",Newsweek,https://www.newsweek.com/how-black-communities-stand-benefit-trumps-crime-crackdown-2127908,2025-09-14T10:00:01Z,LEFT,0.4219515323638916,"How Black Communities Stand to Benefit From Trump's Crime Crackdown In the aftermath of the fatal stabbing of Iryna Zarutska, President Trump's law-and-order agenda is once again at the center of Amer"
Thousands protest for a 'Free DC' on the fourth week of federal control in Washington,"WASHINGTON — Thousands of protesters marched across Washington, D.C., on Saturday in one of the largest demonstrations against President Donald Trump’s federal takeover of policing in the nation’s capital",NBC News,https://www.nbcnews.com/politics/politics-news/thousands-protest-free-dc-fourth-week-federal-control-washington-rcna229566,2025-09-06T21:48:06Z,RIGHT,0.44122180342674255,"Thousands protest for a 'Free DC' on the fourth week of federal control in Washington WASHINGTON — Thousands of protesters marched across Washington, D.C., on Saturday in one of the largest demonstrat"
Unabashed California liberal and former US Rep. John Burton dies at 92,Former U.S. Rep. John Burton has died at age 92,ABC News,https://abcnews.go.com/Politics/wireStory/unabashed-california-liberal-former-us-rep-john-burton-125346921,2025-09-08T00:46:14Z,LEFT,0.47656697034835815,Unabashed California liberal and former US Rep. John Burton dies at 92 Former U.S. Rep. John Burton has died at age 92
Thousands protest for a 'Free DC' on the fourth week of federal control in Washington,"Thousands have taken to the streets of Washington, D",ABC News,https://abcnews.go.com/US/wireStory/thousands-protest-free-dc-fourth-week-federal-control-125328024,2025-09-06T22:14:15Z,RIGHT,0.38206392526626587,"Thousands protest for a 'Free DC' on the fourth week of federal control in Washington Thousands have taken to the streets of Washington, D"
8 killed and 50 wounded in Chicago over long weekend as Trump plans federal deployment,Eight people were killed and 50 others were wounded over the Labor Day weekend in dozens of shootings in Chicago,ABC News,https://abcnews.go.com/Politics/wireStory/8-killed-50-wounded-chicago-long-weekend-trump-125189394,2025-09-02T22:46:02Z,RIGHT,0.4072289764881134,8 killed and 50 wounded in Chicago over long weekend as Trump plans federal deployment Eight people were killed and 50 others were wounded over the Labor Day weekend in dozens of shootings in Chicago
New Zealand to allow some wealthy foreign investors onto property market,New Zealand is to ease a ban on foreigners buying homes to allow wealthy investors access to its housing market and boost the economy,ABC News,https://abcnews.go.com/International/wireStory/new-zealand-wealthy-foreign-investors-property-market-125151247,2025-09-01T10:50:20Z,LEFT,0.5508386492729187,New Zealand to allow some wealthy foreign investors onto property market New Zealand is to ease a ban on foreigners buying homes to allow wealthy investors access to its housing market and boost the e
Zohran Mamdani and Andrew Cuomo escalate their attacks in NYC mayoral race,"Even after Adams ended his re-election bid, Cuomo faces an uphill climb to close his polling gap with Mamdani in the campaign's final weeks.",NBC News,https://www.nbcnews.com/politics/elections/zohran-mamdani-andrew-cuomo-escalate-attacks-eric-adams-exit-nyc-mayor-rcna234253,2025-09-30T02:31:36Z,LEFT,0.541572093963623,"Zohran Mamdani and Andrew Cuomo escalate their attacks in NYC mayoral race Even after Adams ended his re-election bid, Cuomo faces an uphill climb to close his polling gap with Mamdani in the campaign"
Latinos in Memphis worry about possible immigration crackdown by Trump's crime task force,President Donald Trump has created a task force to fight crime in Memphis,ABC News,https://abcnews.go.com/US/wireStory/latinos-memphis-worry-immigration-crackdown-trumps-crime-task-125915367,2025-09-25T10:14:25Z,RIGHT,0.3989277184009552,Latinos in Memphis worry about possible immigration crackdown by Trump's crime task force President Donald Trump has created a task force to fight crime in Memphis
What to know about the National Guard and federal agencies coming to Memphis,"President Donald Trump wants to send National Guard troops to Memphis, Tennessee, like he has in Washington, D.C. Early blueprints show key differences between the crime-centered operations",ABC News,https://abcnews.go.com/US/wireStory/national-guard-federal-agencies-coming-memphis-125983640,2025-09-26T23:34:00Z,LEFT,0.49348899722099304,"What to know about the National Guard and federal agencies coming to Memphis President Donald Trump wants to send National Guard troops to Memphis, Tennessee, like he has in Washington, D.C. Early blu"
I left LA tech to try Bangkok fashion. It helped me escape the hustle.,"In California, it felt like people believed tech could solve anything. Sutasit Srivisarvacha didn't see it that way and moved back to Bangkok.",Business Insider,https://www.businessinsider.com/left-america-moved-to-bangkok-thailand-fashion-fewer-better-things-2025-9,2025-09-12T00:14:01Z,LEFT,0.49833834171295166,"I left LA tech to try Bangkok fashion. It helped me escape the hustle. In California, it felt like people believed tech could solve anything. Sutasit Srivisarvacha didn't see it that way and moved bac"
Boston mayor race expected to narrow to Trump adversary Michelle Wu and son of Patriots owner Kraft,Boston Mayor Michelle Wu is expected to take a crucial step to securing a second term when voters go to the polls,ABC News,https://abcnews.go.com/Politics/wireStory/boston-mayor-race-expected-narrow-trump-adversary-michelle-125384128,2025-09-09T04:07:31Z,LEFT,0.5517231225967407,Boston mayor race expected to narrow to Trump adversary Michelle Wu and son of Patriots owner Kraft Boston Mayor Michelle Wu is expected to take a crucial step to securing a second term when voters go
"Crime victims' families say Chicago violence is a problem, but sending in troops isn't the answer","Families of some of the victims of violent crime in Chicago say that although it's been a largely intractable problem for the city for decades, they don't think sending in National Guard troops is the answer",ABC News,https://abcnews.go.com/US/wireStory/crime-victims-families-chicago-violence-problem-sending-troops-125759163,2025-09-20T04:38:28Z,RIGHT,0.4547353684902191,"Crime victims' families say Chicago violence is a problem, but sending in troops isn't the answer Families of some of the victims of violent crime in Chicago say that although it's been a largely intr"
"Behind the fall and resurrection of Jimmy Kimmel is a $6.2 billion merger and the pro-Republican companies that serve rural, conservative audiences",FCC pressure and multibillion-dollar mergers aren’t even the full story. The future of linear TV is up for grabs.,Fortune,https://fortune.com/2025/09/25/jimmy-kimmel-disney-charlie-kirk-abc-nexstar-sinclair-tv/,2025-09-25T19:36:55Z,LEFT,0.6467832922935486,"Behind the fall and resurrection of Jimmy Kimmel is a $6.2 billion merger and the pro-Republican companies that serve rural, conservative audiences FCC pressure and multibillion-dollar mergers aren’t "
Charlotte mayor Vi Lyles secures Democratic nomination despite political fallout of train killing,"A Democratic mayor secured a comfortable win in a primary election despite days of intense backlash following the deadly stabbing of a young Ukrainian woman on a commuter train in Charlotte, North Carolina",ABC News,https://abcnews.go.com/Politics/wireStory/charlotte-mayor-vi-lyles-secures-democratic-nomination-despite-125412646,2025-09-10T02:06:15Z,CENTER,0.36738646030426025,Charlotte mayor Vi Lyles secures Democratic nomination despite political fallout of train killing A Democratic mayor secured a comfortable win in a primary election despite days of intense backlash fo
"At TIFF, the mid-sized movie strives to survive",Real moviegoer energy has always made the Toronto International Film Festival a good measuring stick for not just what might catch on during Hollywood’s awards season but what will click with audiences,ABC News,https://abcnews.go.com/Entertainment/wireStory/tiff-mid-sized-movie-strives-survive-125478952,2025-09-11T14:23:06Z,LEFT,0.5629096031188965,"At TIFF, the mid-sized movie strives to survive Real moviegoer energy has always made the Toronto International Film Festival a good measuring stick for not just what might catch on during Hollywood’s"
Why Black Voters Could Spell Trouble for Zohran Mamdani,"While Mamdani has energized younger and liberal voters, his support among Black residents—a crucial bloc in citywide elections—remains uncertain.",Newsweek,https://www.newsweek.com/zohran-mamdani-black-voters-new-york-2122095,2025-09-02T09:00:01Z,LEFT,0.549789309501648,"Why Black Voters Could Spell Trouble for Zohran Mamdani While Mamdani has energized younger and liberal voters, his support among Black residents—a crucial bloc in citywide elections—remains uncertain"
Las Vegas residents sound alarm on crime-ridden encampments as Trump pushes zero tolerance homelessness plan,Trump signs executive order to combat homelessness-related crime as Las Vegas faces 20% increase in homeless population and struggles with encampments.,Fox News,https://www.foxnews.com/us/las-vegas-residents-sound-alarm-crime-ridden-encampments-trump-pushes-zero-tolerance-homelessness-plan,2025-09-01T12:00:18Z,CENTER,0.43680670857429504,Las Vegas residents sound alarm on crime-ridden encampments as Trump pushes zero tolerance homelessness plan Trump signs executive order to combat homelessness-related crime as Las Vegas faces 20% inc
Seattle response to homelessness divides progressives in upcoming mayoral race,Progressive Seattle mayoral candidates Mayor Bruce Harrell and Katie Wilson offered different responses to the ongoing homelessness crisis in the city.,Fox News,https://www.foxnews.com/media/seattle-response-homelessness-divides-progressives-upcoming-mayoral-race,2025-09-14T18:00:11Z,LEFT,0.5752171277999878,Seattle response to homelessness divides progressives in upcoming mayoral race Progressive Seattle mayoral candidates Mayor Bruce Harrell and Katie Wilson offered different responses to the ongoing ho
Oakland Democratic councilman faces resistance after he proposes plan to shut down homeless encampments,A Democratic councilmember in Oakland says he has a moral duty to address the city's homelessness crisis as housing advocates oppose his encampment removal plan.,Fox News,https://www.foxnews.com/media/oakland-democratic-councilman-faces-resistance-after-he-proposes-plan-shut-down-homeless-encampments,2025-09-06T23:00:10Z,RIGHT,0.4118708074092865,Oakland Democratic councilman faces resistance after he proposes plan to shut down homeless encampments A Democratic councilmember in Oakland says he has a moral duty to address the city's homelessnes
"SEC SCOTT TURNER: Blame drugs and mental illness, not President Trump, for the chaos gripping our streets","Trump administration reforms HUD homelessness programs, ending Biden's Housing First policies that excluded law enforcement cooperation and faith-based organizations.",Fox News,https://www.foxnews.com/opinion/sec-scott-turner-blame-drugs-mental-illness-not-president-trump-chaos-gripping-our-streets,2025-09-05T09:00:40Z,LEFT,0.7112513780593872,"SEC SCOTT TURNER: Blame drugs and mental illness, not President Trump, for the chaos gripping our streets Trump administration reforms HUD homelessness programs, ending Biden's Housing First policies "
Portland mayor warns city to fix homeless problem before Trump 'deploys bulldozers',"Portland Mayor Keith Wilson wrote an email to thousands of recipients warning President Donald Trump might deploy ""bulldozers"" to the city if they don't address the homelessness crisis.",Fox News,https://www.foxnews.com/media/portland-mayor-warns-city-fix-homeless-problem-before-trump-deploys-bulldozers,2025-09-05T01:00:04Z,RIGHT,0.5538702011108398,"Portland mayor warns city to fix homeless problem before Trump 'deploys bulldozers' Portland Mayor Keith Wilson wrote an email to thousands of recipients warning President Donald Trump might deploy ""b"
Afghanistan War Vet Gifted Truck After Overcoming Life on the Streets,"An Afghanistan combat veteran who “never gave up” in his effort to overcome homelessness and post-traumatic stress disorder (PTSD) inspired a Louisville car dealership to give him a truck.
The post Afghanistan War Vet Gifted Truck After Overcoming Life on the…",Breitbart News,https://www.breitbart.com/local/2025/09/07/afghanistan-war-vet-gifted-truck-overcoming-life-streets/,2025-09-08T01:50:20Z,RIGHT,0.4781249761581421,Afghanistan War Vet Gifted Truck After Overcoming Life on the Streets An Afghanistan combat veteran who “never gave up” in his effort to overcome homelessness and post-traumatic stress disorder (PTSD)
"Duffy: We Start Probe of Charlotte Transit Tuesday, Believe They Should Lose Federal Funds","Secretary of Transportation Sean Duffy said that he is legally required to investigate Charlotte's transit system before pulling federal money from it, and the investigation will start on Tuesday.
The post Duffy: We Start Probe of Charlotte Transit Tuesday, B…",Breitbart News,https://www.breitbart.com/clips/2025/09/09/duffy-we-start-probe-of-charlotte-transit-tuesday-believe-they-should-lose-federal-funds/,2025-09-09T07:52:33Z,LEFT,0.8066745400428772,"Duffy: We Start Probe of Charlotte Transit Tuesday, Believe They Should Lose Federal Funds Secretary of Transportation Sean Duffy said that he is legally required to investigate Charlotte's transit sy"
Dingell: I 'Do Hear People Worried About Crime' at Town Halls,"On Monday’s broadcast of “CNN This Morning,” Rep. Debbie Dingell (D-MI) said that during her town halls, “you do hear people worried about crime on the street, the increase of homelessness, and the mental health issue.” Dingell said, “If you
The post Dingell:…",Breitbart News,https://www.breitbart.com/clips/2025/09/02/dingell-i-do-hear-people-worried-about-crime-at-town-halls/,2025-09-02T08:10:19Z,RIGHT,0.5501130223274231,"Dingell: I 'Do Hear People Worried About Crime' at Town Halls On Monday’s broadcast of “CNN This Morning,” Rep. Debbie Dingell (D-MI) said that during her town halls, “you do hear people worried about"
Navy vet-turned-winemaker infuses military grit into powerhouse pours,"Adam LaZarre transitioned from the U.S. Navy to successful winemaking in California, launching a signature wine label. Two wines are available via the Fox News American Wine Club.",Fox News,https://www.foxnews.com/food-drink/navy-vet-turned-winemaker-infuses-military-grit-powerhouse-pours,2025-09-10T12:00:11Z,CENTER,0.45155322551727295,"Navy vet-turned-winemaker infuses military grit into powerhouse pours Adam LaZarre transitioned from the U.S. Navy to successful winemaking in California, launching a signature wine label. Two wines a"
"Bill Maher says to bring back 'old America,' the left must tone down their radical progressivism","On Friday’s episode of ""Real Time,"" host Bill Maher argued that to bring back the ""old America,"" Democrats must scale back their more radical progressive ideology.",Fox News,https://www.foxnews.com/media/bill-maher-says-bring-back-old-america-left-must-tone-down-radical-progressivism,2025-09-27T16:01:56Z,CENTER,0.5984423160552979,"Bill Maher says to bring back 'old America,' the left must tone down their radical progressivism On Friday’s episode of ""Real Time,"" host Bill Maher argued that to bring back the ""old America,"" Democr"
"Newsom says Trump has ‘relentless, unhinged’ obsession with California during State of the State address","California Gov. Gavin Newsom on Tuesday argued that President Donald Trump and his administration have a ""relentless, unhinged California obsession.""",Fox News,https://www.foxnews.com/politics/newsom-says-trump-has-relentless-unhinged-obsession-california-during-state-state-address,2025-09-10T03:19:29Z,RIGHT,0.8110923767089844,"Newsom says Trump has ‘relentless, unhinged’ obsession with California during State of the State address California Gov. Gavin Newsom on Tuesday argued that President Donald Trump and his administrati"
GOP Lawmakers Slam Sen. Jon Ossoff for Claiming Credit on Veterans Bill Signed by Trump,"Sen. Jon Ossoff (D-GA) is facing backlash from Rep. Derrick Van Orden (R-WI), Georgia Republicans, and the National Republican Senatorial Committee (NRSC) after his office promoted the recently signed VA Home Loan Reform Act as legislation he claimed to have …",Breitbart News,https://www.breitbart.com/politics/2025/09/05/gop-lawmakers-slam-sen-jon-ossoff-for-claiming-credit-on-veterans-bill-signed-by-trump/,2025-09-06T00:00:53Z,RIGHT,0.5386703014373779,"GOP Lawmakers Slam Sen. Jon Ossoff for Claiming Credit on Veterans Bill Signed by Trump Sen. Jon Ossoff (D-GA) is facing backlash from Rep. Derrick Van Orden (R-WI), Georgia Republicans, and the Natio"
Kemp says Georgia 'proud to stand with Trump' in National Guard troop deployment to DC,Georgia joins seven other states sending National Guard troops to Washington D.C. as part of Trump administration's mission to restore order in the capital.,Fox News,https://www.foxnews.com/politics/kemp-says-georgia-proud-stand-trump-national-guard-troop-deployment-dc,2025-09-05T21:22:53Z,CENTER,0.8920378684997559,Kemp says Georgia 'proud to stand with Trump' in National Guard troop deployment to DC Georgia joins seven other states sending National Guard troops to Washington D.C. as part of Trump administration
SEAN DUFFY: Trump's crime crackdown is giving Democratic leaders a blueprint to follow,Sean Duffy highlight's Trump's Washington D.C. law enforcement surge success as model for addressing urban violence and increasing safety nationwide.,Fox News,https://www.foxnews.com/opinion/sean-duffy-trumps-crime-crackdown-giving-democratic-leaders-blueprint-follow,2025-09-23T09:00:15Z,LEFT,0.5033259987831116,SEAN DUFFY: Trump's crime crackdown is giving Democratic leaders a blueprint to follow Sean Duffy highlight's Trump's Washington D.C. law enforcement surge success as model for addressing urban violen
"Dems, GOP clash with RFK Jr in tense Senate showdown and more top headlines",Get all the stories you need-to-know from the most powerful name in news delivered first thing every morning to your inbox.,Fox News,https://www.foxnews.com/us/dems-gop-clash-rfk-jr-tense-senate-showdown-more-top-headlines,2025-09-05T11:17:59Z,RIGHT,0.4356001019477844,"Dems, GOP clash with RFK Jr in tense Senate showdown and more top headlines Get all the stories you need-to-know from the most powerful name in news delivered first thing every morning to your inbox."
Democratic Nevada state senator who apparently fell asleep in SUV arrested on DUI suspicion,"Nevada state Senator Edgar Flores, a Democrat, was arrested after authorities found him appearing to sleep behind the wheel of a vehicle",Fox News,https://www.foxnews.com/us/democratic-nevada-state-senator-who-apparently-fell-asleep-suv-arrested-dui-suspicion,2025-09-17T18:47:13Z,RIGHT,0.7010493874549866,"Democratic Nevada state senator who apparently fell asleep in SUV arrested on DUI suspicion Nevada state Senator Edgar Flores, a Democrat, was arrested after authorities found him appearing to sleep b"
Venezuelan man posing as teen in Ohio high school pleads guilty,"Anthony Emmanuel Labrador-Sierra, a 24-year-old Venezuelan illegal alien accused of pretending to be a teenager, pleaded guilty to multiple charges.",Fox News,https://www.foxnews.com/us/venezuelan-man-posing-teen-ohio-high-school-pleads-guilty,2025-09-24T13:22:06Z,RIGHT,0.5834656357765198,"Venezuelan man posing as teen in Ohio high school pleads guilty Anthony Emmanuel Labrador-Sierra, a 24-year-old Venezuelan illegal alien accused of pretending to be a teenager, pleaded guilty to multi"
White House warns veterans' services at risk if Dems block GOP funding bill,"The White House is warning that veterans’ access to nursing homes, suicide prevention and other health services could expire if Congress fails to pass the GOP’s short-term funding bill.",Fox News,https://www.foxnews.com/politics/white-house-warns-veterans-services-risk-dems-block-gop-funding-bill,2025-09-29T18:46:02Z,CENTER,0.478106826543808,"White House warns veterans' services at risk if Dems block GOP funding bill The White House is warning that veterans’ access to nursing homes, suicide prevention and other health services could expire"
Iryna Zarutska killing exposes GOP split on possible federal intervention in Charlotte,North Carolina Republican Sens. Thom Tillis and Ted Budd disagree on federal intervention in Charlotte after Ukrainian refugee Iryna Zarutska's murder by a repeat offender.,Fox News,https://www.foxnews.com/politics/iryna-zarutska-killing-exposes-gop-split-possible-federal-intervention-charlotte,2025-09-15T11:00:57Z,RIGHT,0.42548447847366333,Iryna Zarutska killing exposes GOP split on possible federal intervention in Charlotte North Carolina Republican Sens. Thom Tillis and Ted Budd disagree on federal intervention in Charlotte after Ukra
DC to move forward 'on its own terms' as federal surge winds down,National Guard will remain on active duty in the capital through Nov. 30.,ABC News,https://abcnews.go.com/Politics/dc-move-forward-terms-federal-surge-winds/story?id=125450985,2025-09-11T22:59:42Z,LEFT,0.5249051451683044,DC to move forward 'on its own terms' as federal surge winds down National Guard will remain on active duty in the capital through Nov. 30.
Portland set to see Trump crime crackdown reckoning after 2020's humiliating violence spree,"Portland, Oregon, was the site of violent riots in 2020 under the first Trump administration, and is set to see a new crime crackdown initiative as federal officials converge on the city.",Fox News,https://www.foxnews.com/politics/portland-set-see-trump-crime-crackdown-reckoning-after-2020s-humiliating-violence-spree,2025-09-29T18:44:31Z,LEFT,0.5378652811050415,"Portland set to see Trump crime crackdown reckoning after 2020's humiliating violence spree Portland, Oregon, was the site of violent riots in 2020 under the first Trump administration, and is set to "
Iryna Zarutska fled Ukraine for safety but Democrats' soft-on-crime policies failed her,"Ukrainian refugee Iryna Zarutska was fatally stabbed on a Charlotte light rail by a repeat offender, a tragedy critics say exposes Democrats’ failed crime policies.",Fox News,https://www.foxnews.com/opinion/iryna-zarutska-fled-ukraine-safety-democrats-soft-on-crime-policies-failed-her,2025-09-08T21:08:41Z,RIGHT,0.5378255248069763,"Iryna Zarutska fled Ukraine for safety but Democrats' soft-on-crime policies failed her Ukrainian refugee Iryna Zarutska was fatally stabbed on a Charlotte light rail by a repeat offender, a tragedy c"
Eric Adams' abrupt exit from NYC mayoral race escalates clash between rivals: 'Record of disgrace',Zohran Mamdani criticized former Gov. Andrew Cuomo on Monday as the New York City mayoral race intensified on the heels of Mayor Eric Adams suspending his reelection campaign.,Fox News,https://www.foxnews.com/politics/eric-adams-abrupt-exit-nyc-mayoral-race-escalates-clash-between-rivals-record-disgrace,2025-09-29T19:04:50Z,LEFT,0.5925619602203369,Eric Adams' abrupt exit from NYC mayoral race escalates clash between rivals: 'Record of disgrace' Zohran Mamdani criticized former Gov. Andrew Cuomo on Monday as the New York City mayoral race intens
Legal experts predict Trump will win National Guard battle despite federal judge ruling,"Trump faces legal challenges over National Guard deployment in Los Angeles, but the president is threatening similar action in Chicago, New York and other cities.",Fox News,https://www.foxnews.com/politics/legal-experts-predict-trump-win-national-guard-battle-despite-federal-judge-ruling,2025-09-10T10:00:44Z,RIGHT,0.4757353961467743,"Legal experts predict Trump will win National Guard battle despite federal judge ruling Trump faces legal challenges over National Guard deployment in Los Angeles, but the president is threatening sim"
"BEN CARSON: As a doctor, I know fewer restrictions on marijuana will make cities worse","Dr. Ben Carson warns against loosening marijuana restrictions, highlighting University of Colorado study showing significantly higher crime rates near dispensaries.",Fox News,https://www.foxnews.com/opinion/ben-carson-doctor-i-know-fewer-restrictions-marijuana-make-cities-worse,2025-09-04T11:00:44Z,LEFT,0.7260335683822632,"BEN CARSON: As a doctor, I know fewer restrictions on marijuana will make cities worse Dr. Ben Carson warns against loosening marijuana restrictions, highlighting University of Colorado study showing "
"Dem senator accused of 'lying,' using veterans as 'props,' dismisses attacks: 'This is the best they've got?'","Sen. Jon Ossoff, D-Ga., rejected GOP accusations saying he lied to voters about his role in passing a veterans housing bill, questioning: ""This the best they've got?""",Fox News,https://www.foxnews.com/politics/dem-senator-accused-lying-using-veterans-props-dismisses-attacks-this-best-theyve-got,2025-09-11T09:00:57Z,RIGHT,0.5887300372123718,"Dem senator accused of 'lying,' using veterans as 'props,' dismisses attacks: 'This is the best they've got?' Sen. Jon Ossoff, D-Ga., rejected GOP accusations saying he lied to voters about his role i"
Media taps Twitch star who told viewers to 'kill' Republicans for comment on Charlie Kirk’s assassination,Several mainstream media outlets spoke to leftist Twitch streamer Hasan Piker about the assassination of Turning Point USA founder Charlie Kirk.,Fox News,https://www.foxnews.com/media/media-taps-twitch-star-who-told-viewers-kill-republicans-comment-charlie-kirks-assassination,2025-09-17T09:00:31Z,RIGHT,0.6874988675117493,Media taps Twitch star who told viewers to 'kill' Republicans for comment on Charlie Kirk’s assassination Several mainstream media outlets spoke to leftist Twitch streamer Hasan Piker about the assass
Charlotte mayor slammed over comments after woman stabbed to death on train,Charlotte Mayor Vi Lyles' response to the murder of of Iryna Zarutska drew critics' ire as many pointed out the suspect's lengthy criminal history.,Fox News,https://www.foxnews.com/us/charlotte-mayor-slammed-over-comments-after-woman-stabbed-death-train,2025-09-09T15:00:09Z,RIGHT,0.6937519311904907,Charlotte mayor slammed over comments after woman stabbed to death on train Charlotte Mayor Vi Lyles' response to the murder of of Iryna Zarutska drew critics' ire as many pointed out the suspect's le
Charlotte’s ‘pro-crime’ policies under fire as career criminal charged with killing commuter: expert,"Charlotte officials report declining crime statistics, but residents question the data after brutal light rail stabbing highlights uptown violence and safety concerns.",Fox News,https://www.foxnews.com/us/charlotte-pro-crime-policies-under-fire-career-criminal-charged-killing-commuter-expert,2025-09-10T10:00:29Z,LEFT,0.6320264935493469,"Charlotte’s ‘pro-crime’ policies under fire as career criminal charged with killing commuter: expert Charlotte officials report declining crime statistics, but residents question the data after brutal"
What to know about the National Guard and federal agencies coming to Memphis | CNN,"President Donald Trump deployed more than 2,000 National Guard troops to Washington, D.C., in a crime-centered mission, and now he wants a replica of that in Memphis, but the early blueprints show key differences.",CNN,https://www.cnn.com/2025/09/26/us/memphis-national-guard-law-enforcement,2025-09-27T09:28:22Z,LEFT,0.9802505970001221,"What to know about the National Guard and federal agencies coming to Memphis | CNN President Donald Trump deployed more than 2,000 National Guard troops to Washington, D.C., in a crime-centered missio"
Video shows fatal stabbing of Ukrainian refugee on Charlotte light rail – stirring debate on crime in major US cities,"Gruesome video shows a 23-year-old Ukrainian refugee getting stabbed to death on a Charlotte light rail train – a case that has turned into a flashpoint as the Trump administration vows to crack down on crime in large, predominantly Democratic cities.",CNN,https://www.cnn.com/2025/09/08/us/iryna-zarutska-murder-ukraine-refugee,2025-09-08T11:30:46Z,LEFT,0.9178107976913452,Video shows fatal stabbing of Ukrainian refugee on Charlotte light rail – stirring debate on crime in major US cities Gruesome video shows a 23-year-old Ukrainian refugee getting stabbed to death on a
Trump’s ‘Apocalypse Now’ threats conceal seeds of political weakness,"President Donald Trump is vowing to wield apocalyptic power inside the United States, even as the adverse impact of some of his key policies is becoming clear.",CNN,https://www.cnn.com/2025/09/08/politics/trump-economy-chicago-venezuela-rfk-tariffs-analysis,2025-09-08T04:00:05Z,LEFT,0.7068910598754883,"Trump’s ‘Apocalypse Now’ threats conceal seeds of political weakness President Donald Trump is vowing to wield apocalyptic power inside the United States, even as the adverse impact of some of his key"
The 22 Very Online Upstarts Changing the Face of Politics,"Introducing WIRED’s 2025 Political Power Users—the creators, podcasters, and pundits who will blow up the next electoral era.",Wired,https://www.wired.com/story/wired-2025-political-power-users/,2025-09-24T10:00:00Z,LEFT,0.6280098557472229,"The 22 Very Online Upstarts Changing the Face of Politics Introducing WIRED’s 2025 Political Power Users—the creators, podcasters, and pundits who will blow up the next electoral era."
